SnapshotDate;SnapshotTime;Arbetsgivare;Plats;Arbetstagare;Kommun;DetailURL;PageNumber;RawText
2026-09-28;08:01:34+0000;Wayss & Freytag Ingenieurbau AG;Svartövägen 22 97437 Luleå;3;Luleå;https://www.av.se/arbetsmiljoarbete-och-inspektioner/e-tjanster-och-blanketter/sok-utstationering/?id=1d922af8-dfb6-422d-69f7-08de96bb1da4&E=System.String[];1;Wayss & Freytag Ingenieurbau AG | Svartövägen 22 97437 Luleå | 3 | Läs mer
2026-09-28;08:01:34+0000;Vaseliinimonni Holding Oy;Kärrviolgatan 3 97636 Luleå;9;Luleå;https://www.av.se/arbetsmiljoarbete-och-inspektioner/e-tjanster-och-blanketter/sok-utstationering/?id=b271556e-9b41-4cfd-f728-08df07e709c2&E=System.String[];1;Vaseliinimonni Holding Oy | Kärrviolgatan 3 97636 Luleå | 9 | Läs mer
2026-09-28;08:01:34+0000;UAB Izolitas;Strömörvägen 2C 97437 Luleå;4;Luleå;https://www.av.se/arbetsmiljoarbete-och-inspektioner/e-tjanster-och-blanketter/sok-utstationering/?id=b60d675d-202d-4ade-6465-08def82f4ed9&E=System.String[];1;UAB Izolitas | Strömörvägen 2C 97437 Luleå | 4 | Läs mer
2026-09-28;08:01:34+0000;UAB IGMABALT;Svartövägen 22 97437 Luleå;4;Luleå;https://www.av.se/arbetsmiljoarbete-och-inspektioner/e-tjanster-och-blanketter/sok-utstationering/?id=08adbd9b-c0d3-4454-4c28-08de571a37cb&E=System.String[];1;UAB IGMABALT | Svartövägen 22 97437 Luleå | 4 | Läs mer
2026-09-28;08:01:34+0000;UAB ESP Projects;Svartövägen 22 97437 Luleå;2;Luleå;https://www.av.se/arbetsmiljoarbete-och-inspektioner/e-tjanster-och-blanketter/sok-utstationering/?id=aa06e5c9-3cf5-4c30-d22e-08de9c40cdc8&E=System.String[];1;UAB ESP Projects | Svartövägen 22 97437 Luleå | 2 | Läs mer
2026-09-28;08:01:34+0000;UAB Cebeco grupe;Torpslingan 23A 97347 Luleå;12;Luleå;https://www.av.se/arbetsmiljoarbete-och-inspektioner/e-tjanster-och-blanketter/sok-utstationering/?id=90763578-0938-4a34-7ee1-08deac0005ec&E=System.String[];1;UAB Cebeco grupe | Torpslingan 23A 97347 Luleå | 12 | Läs mer
2026-09-28;08:01:34+0000;UAB Cebeco grupe;Torpslingan 19A 97347 Luleå;13;Luleå;https://www.av.se/arbetsmiljoarbete-och-inspektioner/e-tjanster-och-blanketter/sok-utstationering/?id=e7b6d759-43d7-4f84-7573-08deb17c1a5b&E=System.String[];1;UAB Cebeco grupe | Torpslingan 19A 97347 Luleå | 13 | Läs mer
2026-09-28;08:01:34+0000;UAB Cebeco grupe;Torpslingan 25A 97347 Luleå;12;Luleå;https://www.av.se/arbetsmiljoarbete-och-inspektioner/e-tjanster-och-blanketter/sok-utstationering/?id=9ba6fbb7-d710-4414-2a40-08deb561d804&E=System.String[];1;UAB Cebeco grupe | Torpslingan 25A 97347 Luleå | 12 | Läs mer
2026-09-28;08:01:34+0000;UAB Cebeco grupe;Magasinsgatan 13A 97241 Luleå;12;Luleå;https://www.av.se/arbetsmiljoarbete-och-inspektioner/e-tjanster-och-blanketter/sok-utstationering/?id=3d2d9563-7a82-4dae-701b-08dee7b829f5&E=System.String[];1;UAB Cebeco grupe | Magasinsgatan 13A 97241 Luleå | 12 | Läs mer
2026-09-28;08:01:34+0000;"UAB ""Strele logistics""";Bodenvägen 405 95442 Södra Sunderbyn;2;Luleå;https://www.av.se/arbetsmiljoarbete-och-inspektioner/e-tjanster-och-blanketter/sok-utstationering/?id=f0c81e1c-8af2-41e6-7880-08de25980a98&E=System.String[];1;"UAB ""Strele logistics"" | Bodenvägen 405 95442 Södra Sunderbyn | 2 | Läs mer"
2026-09-28;08:01:34+0000;Turun Nostopalvelu Oy;Svartövägen 22 97437 Luleå;24;Luleå;https://www.av.se/arbetsmiljoarbete-och-inspektioner/e-tjanster-och-blanketter/sok-utstationering/?id=c24154f7-6049-4fa6-4ddf-08dec7d735a1&E=System.String[];1;Turun Nostopalvelu Oy | Svartövägen 22 97437 Luleå | 24 | Läs mer
2026-09-28;08:01:34+0000;Trondecom OÜ;Svartövägen 20 97437 Luleå;1;Luleå;https://www.av.se/arbetsmiljoarbete-och-inspektioner/e-tjanster-och-blanketter/sok-utstationering/?id=acb2a0c3-70a2-4a1c-0fa6-08de95274a1e&E=System.String[];1;Trondecom OÜ | Svartövägen 20 97437 Luleå | 1 | Läs mer
2026-09-28;08:01:34+0000;Trondecom OÜ;Svartövägen 22 97437 Luleå;1;Luleå;https://www.av.se/arbetsmiljoarbete-och-inspektioner/e-tjanster-och-blanketter/sok-utstationering/?id=b236b410-62e6-4894-0fac-08de95274a1e&E=System.String[];1;Trondecom OÜ | Svartövägen 22 97437 Luleå | 1 | Läs mer
2026-09-28;08:01:34+0000;Sweco Polska Sp.z o.o.;Västra Varvsgatan 11 97236 Luleå;2;Luleå;https://www.av.se/arbetsmiljoarbete-och-inspektioner/e-tjanster-och-blanketter/sok-utstationering/?id=5ed6c50a-0715-40b0-fd56-08dc79536504&E=System.String[];1;Sweco Polska Sp.z o.o. | Västra Varvsgatan 11 97236 Luleå | 2 | Läs mer
2026-09-28;08:01:34+0000;Sweco Polska Sp.z o.o.;Svartövägen 22 97437 Luleå;6;Luleå;https://www.av.se/arbetsmiljoarbete-och-inspektioner/e-tjanster-och-blanketter/sok-utstationering/?id=8579ff33-e953-4e00-a72e-08de781a88b3&E=System.String[];1;Sweco Polska Sp.z o.o. | Svartövägen 22 97437 Luleå | 6 | Läs mer
2026-09-28;08:01:34+0000;SSAB Europe Oy;Svartövägen 22 97437 Luleå;28;Luleå;https://www.av.se/arbetsmiljoarbete-och-inspektioner/e-tjanster-och-blanketter/sok-utstationering/?id=46ad4a98-f1fe-4e26-c9c5-08de6799644f&E=System.String[];1;SSAB Europe Oy | Svartövägen 22 97437 Luleå | 28 | Läs mer
2026-09-28;08:01:34+0000;SprayPro OY;Betongvägen 34 97345 Luleå;1;Luleå;https://www.av.se/arbetsmiljoarbete-och-inspektioner/e-tjanster-och-blanketter/sok-utstationering/?id=2d501cad-1a42-4d7f-e1c8-08dea67520c8&E=System.String[];1;SprayPro OY | Betongvägen 34 97345 Luleå | 1 | Läs mer
2026-09-28;08:01:34+0000;SCANEST OU;Svartövägen 20 97437 Luleå;4;Luleå;https://www.av.se/arbetsmiljoarbete-och-inspektioner/e-tjanster-och-blanketter/sok-utstationering/?id=7f85787e-f520-474d-98b1-08d944f46adb&E=System.String[];1;SCANEST OU | Svartövägen 20 97437 Luleå | 4 | Läs mer
2026-09-28;08:01:34+0000;Scaff-Tech Maja Laskowska;Maskinvägen 16 97254 Luleå;6;Luleå;https://www.av.se/arbetsmiljoarbete-och-inspektioner/e-tjanster-och-blanketter/sok-utstationering/?id=461a4b6d-a3ee-42ba-c7af-08ddad63622e&E=System.String[];1;Scaff-Tech Maja Laskowska | Maskinvägen 16 97254 Luleå | 6 | Läs mer
2026-09-28;08:01:34+0000;SBS MANAGEMENT SP. Z O.O.;Småbåtsgatan 1 97235 Luleå;19;Luleå;https://www.av.se/arbetsmiljoarbete-och-inspektioner/e-tjanster-och-blanketter/sok-utstationering/?id=a52db6cf-1b51-4053-5477-08de4ce56eeb&E=System.String[];1;SBS MANAGEMENT SP. Z O.O. | Småbåtsgatan 1 97235 Luleå | 19 | Läs mer
2026-09-28;08:01:34+0000;RSK NORD;Handelsvägen 19 97345 Luleå;2;Luleå;https://www.av.se/arbetsmiljoarbete-och-inspektioner/e-tjanster-och-blanketter/sok-utstationering/?id=6afc0d3d-aac5-4796-83e5-08de12bfcc0c&E=System.String[];1;RSK NORD | Handelsvägen 19 97345 Luleå | 2 | Läs mer
2026-09-28;08:01:34+0000;Restak Tornio Oy;Lejdevägen 10 97596 Luleå;18;Luleå;https://www.av.se/arbetsmiljoarbete-och-inspektioner/e-tjanster-och-blanketter/sok-utstationering/?id=b873d361-6104-4b81-9bd3-08df0f60d3d1&E=System.String[];1;Restak Tornio Oy | Lejdevägen 10 97596 Luleå | 18 | Läs mer
2026-09-28;08:01:34+0000;Restak Tornio Oy;Holmarvägen 153 97598 Luleå;18;Luleå;https://www.av.se/arbetsmiljoarbete-och-inspektioner/e-tjanster-och-blanketter/sok-utstationering/?id=fb6d2424-c199-4b1b-63e4-08df13a80524&E=System.String[];1;Restak Tornio Oy | Holmarvägen 153 97598 Luleå | 18 | Läs mer
2026-09-28;08:01:34+0000;Restak Tornio Oy;Siktgatan 3 97441 Luleå;18;Luleå;https://www.av.se/arbetsmiljoarbete-och-inspektioner/e-tjanster-och-blanketter/sok-utstationering/?id=5f9e1b01-b70b-45bb-9bd4-08df0f60d3d1&E=System.String[];1;Restak Tornio Oy | Siktgatan 3 97441 Luleå | 18 | Läs mer
2026-09-28;08:01:34+0000;Restak Tornio Oy;Långnäsvägen 30 97593 Luleå;18;Luleå;https://www.av.se/arbetsmiljoarbete-och-inspektioner/e-tjanster-och-blanketter/sok-utstationering/?id=bf84580b-ac01-4387-63e6-08df13a80524&E=System.String[];1;Restak Tornio Oy | Långnäsvägen 30 97593 Luleå | 18 | Läs mer
2026-09-28;08:01:34+0000;Rejlers Finland Oy;Svartövägen 22 97437 Luleå;1;Luleå;https://www.av.se/arbetsmiljoarbete-och-inspektioner/e-tjanster-och-blanketter/sok-utstationering/?id=cd98fb1a-a7be-4699-3f0c-08de7f357c80&E=System.String[];1;Rejlers Finland Oy | Svartövägen 22 97437 Luleå | 1 | Läs mer
2026-09-28;08:01:34+0000;RBTEAM SP Z O.O;Svartövägen 22 97437 Luleå;4;Luleå;https://www.av.se/arbetsmiljoarbete-och-inspektioner/e-tjanster-och-blanketter/sok-utstationering/?id=3606adfc-1511-481f-74a6-08de00565b6e&E=System.String[];1;RBTEAM SP Z O.O | Svartövägen 22 97437 Luleå | 4 | Läs mer
2026-09-28;08:01:34+0000;QSI Consulting Ltd;Svartövägen 20 97437 Luleå;5;Luleå;https://www.av.se/arbetsmiljoarbete-och-inspektioner/e-tjanster-och-blanketter/sok-utstationering/?id=a20c4128-07a7-4afc-c18a-08de715aebcf&E=System.String[];1;QSI Consulting Ltd | Svartövägen 20 97437 Luleå | 5 | Läs mer
2026-09-28;08:01:34+0000;Proside OÜ;Teknikens hus väg 2 97754 Luleå;6;Luleå;https://www.av.se/arbetsmiljoarbete-och-inspektioner/e-tjanster-och-blanketter/sok-utstationering/?id=9dd5c854-dbe5-45ad-da40-08df03347e6c&E=System.String[];1;Proside OÜ | Teknikens hus väg 2 97754 Luleå | 6 | Läs mer
2026-09-28;08:01:34+0000;ProPiling Oy;Nordkalottvägen 3 97254 Luleå;2;Luleå;https://www.av.se/arbetsmiljoarbete-och-inspektioner/e-tjanster-och-blanketter/sok-utstationering/?id=0392b34b-d4ef-4d0a-09a0-08deeb94af0b&E=System.String[];1;ProPiling Oy | Nordkalottvägen 3 97254 Luleå | 2 | Läs mer
2026-09-28;08:01:34+0000;ProPiling Oy;Svartövägen 22 97437 Luleå;11;Luleå;https://www.av.se/arbetsmiljoarbete-och-inspektioner/e-tjanster-och-blanketter/sok-utstationering/?id=3482cb1e-e747-4fea-09a2-08deeb94af0b&E=System.String[];1;ProPiling Oy | Svartövägen 22 97437 Luleå | 11 | Läs mer
2026-09-28;08:01:34+0000;ProPiling oy;Svartövägen 22 97437 Luleå;5;Luleå;https://www.av.se/arbetsmiljoarbete-och-inspektioner/e-tjanster-och-blanketter/sok-utstationering/?id=36d7cee9-73fc-463c-e037-08dea5ad07be&E=System.String[];1;ProPiling oy | Svartövägen 22 97437 Luleå | 5 | Läs mer
2026-09-28;08:01:34+0000;PROACTS s.à.r.l.;Svartövägen 20 97437 Luleå;2;Luleå;https://www.av.se/arbetsmiljoarbete-och-inspektioner/e-tjanster-och-blanketter/sok-utstationering/?id=47e09487-8d0d-42f0-9e7c-08de57ecfe68&E=System.String[];1;PROACTS s.à.r.l. | Svartövägen 20 97437 Luleå | 2 | Läs mer
2026-09-28;08:01:34+0000;PHS-Tech GmbH;Teknikvägen 1 97347 Luleå;2;Luleå;https://www.av.se/arbetsmiljoarbete-och-inspektioner/e-tjanster-och-blanketter/sok-utstationering/?id=871704ba-3490-46ec-ff8e-08dc9b7efe0c&E=System.String[];1;PHS-Tech GmbH | Teknikvägen 1 97347 Luleå | 2 | Läs mer
2026-09-28;08:01:34+0000;OÜ Moodul Ekspert;Teknikens hus väg 2 97754 Luleå;19;Luleå;https://www.av.se/arbetsmiljoarbete-och-inspektioner/e-tjanster-och-blanketter/sok-utstationering/?id=7bb40a20-f9f8-4926-3db5-08defc0ccd4d&E=System.String[];1;OÜ Moodul Ekspert | Teknikens hus väg 2 97754 Luleå | 19 | Läs mer
2026-09-28;08:01:34+0000;OÜ Moodul Ekspert;Haparandavägen 300 97596 Luleå;11;Luleå;https://www.av.se/arbetsmiljoarbete-och-inspektioner/e-tjanster-och-blanketter/sok-utstationering/?id=19e7cbcb-78e7-4db0-708a-08deaf089016&E=System.String[];1;OÜ Moodul Ekspert | Haparandavägen 300 97596 Luleå | 11 | Läs mer
2026-09-28;08:01:34+0000;Osterlunds Jordbyggnad;Svartövägen 22 97437 Luleå;3;Luleå;https://www.av.se/arbetsmiljoarbete-och-inspektioner/e-tjanster-och-blanketter/sok-utstationering/?id=4bad3d26-6b61-49b8-5278-08de8fa033d3&E=System.String[];1;Osterlunds Jordbyggnad | Svartövägen 22 97437 Luleå | 3 | Läs mer
2026-09-28;08:01:34+0000;NORD KRAFT COMPANY;Hantverksvägen 8 95433 Gammelstad;2;Luleå;https://www.av.se/arbetsmiljoarbete-och-inspektioner/e-tjanster-och-blanketter/sok-utstationering/?id=1b1ae553-c568-4273-83e3-08deba1a6b82&E=System.String[];1;NORD KRAFT COMPANY | Hantverksvägen 8 95433 Gammelstad | 2 | Läs mer
2026-09-28;08:01:34+0000;Niskasen Maansiirto Oy;Svartövägen 22 97437 Luleå;14;Luleå;https://www.av.se/arbetsmiljoarbete-och-inspektioner/e-tjanster-och-blanketter/sok-utstationering/?id=e7cb19fa-daae-4093-708c-08deaf089016&E=System.String[];1;Niskasen Maansiirto Oy | Svartövägen 22 97437 Luleå | 14 | Läs mer
2026-09-28;08:01:34+0000;Mitta Oy;Svartövägen 22 97437 Luleå;4;Luleå;https://www.av.se/arbetsmiljoarbete-och-inspektioner/e-tjanster-och-blanketter/sok-utstationering/?id=1a073ab4-af30-47c9-4172-08dea4148c97&E=System.String[];1;Mitta Oy | Svartövägen 22 97437 Luleå | 4 | Läs mer
2026-09-28;08:01:34+0000;Mercury Engineering Limited;Datavägen 10 97754 Luleå;1;Luleå;https://www.av.se/arbetsmiljoarbete-och-inspektioner/e-tjanster-och-blanketter/sok-utstationering/?id=a6a2c592-2d41-4215-a9bb-08de387cb537&E=System.String[];1;Mercury Engineering Limited | Datavägen 10 97754 Luleå | 1 | Läs mer
2026-09-28;08:01:34+0000;KLM Ehitus OÜ;Haparandavägen 300 97596 Luleå;11;Luleå;https://www.av.se/arbetsmiljoarbete-och-inspektioner/e-tjanster-och-blanketter/sok-utstationering/?id=c8357ab5-ee0d-4f1b-70a1-08deaf089016&E=System.String[];1;KLM Ehitus OÜ | Haparandavägen 300 97596 Luleå | 11 | Läs mer
2026-09-28;08:01:34+0000;K-LAGAN ESPAÑA, S.L.U.;Svartövägen 22 97437 Luleå;1;Luleå;https://www.av.se/arbetsmiljoarbete-och-inspektioner/e-tjanster-och-blanketter/sok-utstationering/?id=45bbe1db-54ee-4e31-4bec-08dedb16682e&E=System.String[];1;K-LAGAN ESPAÑA, S.L.U. | Svartövägen 22 97437 Luleå | 1 | Läs mer
2026-09-28;08:01:34+0000;K-LAGAN ESPAÑA, S.L.U.;Svartövägen 22 97437 Luleå;1;Luleå;https://www.av.se/arbetsmiljoarbete-och-inspektioner/e-tjanster-och-blanketter/sok-utstationering/?id=d9d54db4-c6d7-48b0-00ca-08df097a13d5&E=System.String[];1;K-LAGAN ESPAÑA, S.L.U. | Svartövägen 22 97437 Luleå | 1 | Läs mer
2026-09-28;08:01:34+0000;KINTEC RECRUITMENT LIMITED;Svartövägen 22 97437 Luleå;6;Luleå;https://www.av.se/arbetsmiljoarbete-och-inspektioner/e-tjanster-och-blanketter/sok-utstationering/?id=07f55b79-68ef-4e17-3fa8-08de5ef121a2&E=System.String[];1;KINTEC RECRUITMENT LIMITED | Svartövägen 22 97437 Luleå | 6 | Läs mer
2026-09-28;08:01:34+0000;KGS Keller Geräte & Service GmbH;Svartövägen 22 97437 Luleå;3;Luleå;https://www.av.se/arbetsmiljoarbete-och-inspektioner/e-tjanster-och-blanketter/sok-utstationering/?id=35ecf3ea-781d-4c93-e827-08de75bfad34&E=System.String[];1;KGS Keller Geräte & Service GmbH | Svartövägen 22 97437 Luleå | 3 | Läs mer
2026-09-28;08:01:34+0000;Keller Grundbau GmbH;Svartövägen 22 97437 Luleå;6;Luleå;https://www.av.se/arbetsmiljoarbete-och-inspektioner/e-tjanster-och-blanketter/sok-utstationering/?id=56434c09-8b8d-480f-485b-08de7d9afff4&E=System.String[];1;Keller Grundbau GmbH | Svartövägen 22 97437 Luleå | 6 | Läs mer
2026-09-28;08:01:34+0000;Keller Group Plc;Svartövägen 22 97437 Luleå;3;Luleå;https://www.av.se/arbetsmiljoarbete-och-inspektioner/e-tjanster-och-blanketter/sok-utstationering/?id=ff9b6f87-6b62-454a-897a-08dea1bee328&E=System.String[];1;Keller Group Plc | Svartövägen 22 97437 Luleå | 3 | Läs mer
2026-09-28;08:01:34+0000;Keller Group Plc;Svartövägen 22 97437 Luleå;1;Luleå;https://www.av.se/arbetsmiljoarbete-och-inspektioner/e-tjanster-och-blanketter/sok-utstationering/?id=cd75e774-1a2c-4034-8a14-08df19f7e3f2&E=System.String[];1;Keller Group Plc | Svartövägen 22 97437 Luleå | 1 | Läs mer
2026-09-28;08:01:34+0000;Keller Fondazioni SRL;Svartövägen 22 97437 Luleå;1;Luleå;https://www.av.se/arbetsmiljoarbete-och-inspektioner/e-tjanster-och-blanketter/sok-utstationering/?id=52c36e9c-187a-4d19-4ab2-08df146b5fd2&E=System.String[];1;Keller Fondazioni SRL | Svartövägen 22 97437 Luleå | 1 | Läs mer
2026-09-28;08:01:34+0000;"ZAKLAD OBSLUGI HOLDINGU ""ZOH"" Sp. z o.o.";Stålverket 20 96140 Boden;5;Boden;https://www.av.se/arbetsmiljoarbete-och-inspektioner/e-tjanster-och-blanketter/sok-utstationering/?id=2da14d0f-e6bf-461c-9bd1-08df0f60d3d1&E=System.String[];1;"ZAKLAD OBSLUGI HOLDINGU ""ZOH"" Sp. z o.o. | Stålverket 20 96140 Boden | 5 | Läs mer"
2026-09-28;08:01:34+0000;Vt & Kumpp. Construction Oy;Stålverket 20 96140 Boden;5;Boden;https://www.av.se/arbetsmiljoarbete-och-inspektioner/e-tjanster-och-blanketter/sok-utstationering/?id=0afa0d93-eb69-4aa6-15f5-08ddb209085d&E=System.String[];1;Vt & Kumpp. Construction Oy | Stålverket 20 96140 Boden | 5 | Läs mer
2026-09-28;08:01:34+0000;WQ Master oy;Stålverket 20 96140 Boden;1;Boden;https://www.av.se/arbetsmiljoarbete-och-inspektioner/e-tjanster-och-blanketter/sok-utstationering/?id=b557ee5f-ea4e-451c-13e3-08ddeb728b8d&E=System.String[];1;WQ Master oy | Stålverket 20 96140 Boden | 1 | Läs mer
2026-09-28;08:01:34+0000;WPI pro service;Bullerleden 5 96167 Boden;2;Boden;https://www.av.se/arbetsmiljoarbete-och-inspektioner/e-tjanster-och-blanketter/sok-utstationering/?id=62af04e0-2969-49f4-5ec5-08def11eb407&E=System.String[];1;WPI pro service | Bullerleden 5 96167 Boden | 2 | Läs mer
2026-09-28;08:01:34+0000;Workforsa Nord OÜ;Stålverket 20 96140 Boden;48;Boden;https://www.av.se/arbetsmiljoarbete-och-inspektioner/e-tjanster-och-blanketter/sok-utstationering/?id=35b2d0f3-a8b4-486f-c3ad-08def7577433&E=System.String[];1;Workforsa Nord OÜ | Stålverket 20 96140 Boden | 48 | Läs mer
2026-09-28;08:01:34+0000;Volvo Construction Equipment Finland Oy;Stålverket 20 96140 Boden;3;Boden;https://www.av.se/arbetsmiljoarbete-och-inspektioner/e-tjanster-och-blanketter/sok-utstationering/?id=d4d1045c-c60e-43a6-7c89-08dc53ebc584&E=System.String[];1;Volvo Construction Equipment Finland Oy | Stålverket 20 96140 Boden | 3 | Läs mer
2026-09-28;08:01:34+0000;VMAT CONSTRUCTION;Stålverket 20 96140 Boden;4;Boden;https://www.av.se/arbetsmiljoarbete-och-inspektioner/e-tjanster-och-blanketter/sok-utstationering/?id=b679b740-95ed-4079-8977-08dea1bee328&E=System.String[];1;VMAT CONSTRUCTION | Stålverket 20 96140 Boden | 4 | Läs mer
2026-09-28;08:01:34+0000;VLAVI Resurss;Stålverket 20 96140 Boden;13;Boden;https://www.av.se/arbetsmiljoarbete-och-inspektioner/e-tjanster-och-blanketter/sok-utstationering/?id=d2d420fb-85d3-43b6-e4fb-08df1ac5a792&E=System.String[];1;VLAVI Resurss | Stålverket 20 96140 Boden | 13 | Läs mer
2026-09-28;08:01:34+0000;Viorenicom SRL;Stålverket 20 96140 Boden;88;Boden;https://www.av.se/arbetsmiljoarbete-och-inspektioner/e-tjanster-och-blanketter/sok-utstationering/?id=00c4be3b-357f-4ed5-4bd7-08dedb16682e&E=System.String[];1;Viorenicom SRL | Stålverket 20 96140 Boden | 88 | Läs mer
2026-09-28;08:01:34+0000;Viorenicom SRL;Abramsvägen 40 96196 Boden;19;Boden;https://www.av.se/arbetsmiljoarbete-och-inspektioner/e-tjanster-och-blanketter/sok-utstationering/?id=ee626b08-338a-44d0-1ff6-08ded738b3ad&E=System.String[];1;Viorenicom SRL | Abramsvägen 40 96196 Boden | 19 | Läs mer
2026-09-28;08:01:34+0000;Welado Oy;Stålverket 20 96140 Boden;1;Boden;https://www.av.se/arbetsmiljoarbete-och-inspektioner/e-tjanster-och-blanketter/sok-utstationering/?id=8cb16077-4e3d-4fda-ac54-08de6eb16eb1&E=System.String[];1;Welado Oy | Stålverket 20 96140 Boden | 1 | Läs mer
2026-09-28;08:01:34+0000;VecTrance;Stålverket 20 96140 Boden;2;Boden;https://www.av.se/arbetsmiljoarbete-och-inspektioner/e-tjanster-och-blanketter/sok-utstationering/?id=5944e763-f927-4b70-b44f-08de1cfb8be1&E=System.String[];1;VecTrance | Stålverket 20 96140 Boden | 2 | Läs mer
2026-09-28;08:01:34+0000;Vaseliinimonni Holding Oy;Stålverket 20 96140 Boden;16;Boden;https://www.av.se/arbetsmiljoarbete-och-inspektioner/e-tjanster-och-blanketter/sok-utstationering/?id=694fc050-9a26-4c04-ce8c-08de8ee214d5&E=System.String[];1;Vaseliinimonni Holding Oy | Stålverket 20 96140 Boden | 16 | Läs mer
2026-09-28;08:01:34+0000;Vara-Ville oy;Stålverket 20 96140 Boden;1;Boden;https://www.av.se/arbetsmiljoarbete-och-inspektioner/e-tjanster-och-blanketter/sok-utstationering/?id=a2fb6c00-cebc-4bf0-5f63-08dd9370e1bd&E=System.String[];1;Vara-Ville oy | Stålverket 20 96140 Boden | 1 | Läs mer
2026-09-28;08:01:34+0000;UAB/JSC WELDWORK;Stålverket 20 96140 Boden;1;Boden;https://www.av.se/arbetsmiljoarbete-och-inspektioner/e-tjanster-och-blanketter/sok-utstationering/?id=d0ac8163-c1cc-4ba4-bf32-08df12e5d714&E=System.String[];1;UAB/JSC WELDWORK | Stålverket 20 96140 Boden | 1 | Läs mer
2026-09-28;08:01:34+0000;UAB Vaibloka;Bullerleden 5 96167 Boden;6;Boden;https://www.av.se/arbetsmiljoarbete-och-inspektioner/e-tjanster-och-blanketter/sok-utstationering/?id=f5860d99-4df4-44ce-5fce-08ddc4f010f9&E=System.String[];1;UAB Vaibloka | Bullerleden 5 96167 Boden | 6 | Läs mer
2026-09-28;08:01:34+0000;UAB NORDMONTA;Stålverket 20 96140 Boden;47;Boden;https://www.av.se/arbetsmiljoarbete-och-inspektioner/e-tjanster-och-blanketter/sok-utstationering/?id=30588316-2efb-4b5e-4369-08dd968d3614&E=System.String[];1;UAB NORDMONTA | Stålverket 20 96140 Boden | 47 | Läs mer
2026-09-28;08:01:34+0000;UAB NDT POWER;Stålverket 20 96140 Boden;4;Boden;https://www.av.se/arbetsmiljoarbete-och-inspektioner/e-tjanster-och-blanketter/sok-utstationering/?id=f5564993-fd6c-4be6-68bf-08de8964fe7e&E=System.String[];1;UAB NDT POWER | Stålverket 20 96140 Boden | 4 | Läs mer
2026-09-28;08:01:34+0000;UAB NDT POWER;Stålverket 20 96140 Boden;6;Boden;https://www.av.se/arbetsmiljoarbete-och-inspektioner/e-tjanster-och-blanketter/sok-utstationering/?id=2555f7ab-5efe-4ce2-9e2e-08de99e7e689&E=System.String[];1;UAB NDT POWER | Stålverket 20 96140 Boden | 6 | Läs mer
2026-09-28;08:01:34+0000;UAB MARINO GRUPE;Bullerleden 5 96167 Boden;3;Boden;https://www.av.se/arbetsmiljoarbete-och-inspektioner/e-tjanster-och-blanketter/sok-utstationering/?id=7facc5b6-576e-497d-75ea-08ded0e3a0e2&E=System.String[];1;UAB MARINO GRUPE | Bullerleden 5 96167 Boden | 3 | Läs mer
2026-09-28;08:01:34+0000;UAB LITLAFTAS;Brogatan 32 96164 Boden;2;Boden;https://www.av.se/arbetsmiljoarbete-och-inspektioner/e-tjanster-och-blanketter/sok-utstationering/?id=5fec89f1-5f1c-4332-3dc6-08defc0ccd4d&E=System.String[];1;UAB LITLAFTAS | Brogatan 32 96164 Boden | 2 | Läs mer
2026-09-28;08:01:34+0000;UAB ESP Projects;Stålverket 20 96140 Boden;8;Boden;https://www.av.se/arbetsmiljoarbete-och-inspektioner/e-tjanster-och-blanketter/sok-utstationering/?id=3e180d4a-9313-40e6-e0cd-08de857c7a9f&E=System.String[];1;UAB ESP Projects | Stålverket 20 96140 Boden | 8 | Läs mer
2026-09-28;08:01:34+0000;UAB Co-techna;Stålverket 20 96140 Boden;2;Boden;https://www.av.se/arbetsmiljoarbete-och-inspektioner/e-tjanster-och-blanketter/sok-utstationering/?id=fcd1454c-e713-41fb-f620-08ded59cff7c&E=System.String[];1;UAB Co-techna | Stålverket 20 96140 Boden | 2 | Läs mer
2026-09-28;08:01:34+0000;UAB Cebeco grupe;Stålverket 20 96140 Boden;6;Boden;https://www.av.se/arbetsmiljoarbete-och-inspektioner/e-tjanster-och-blanketter/sok-utstationering/?id=40adaca7-ccf6-4664-099f-08deeb94af0b&E=System.String[];1;UAB Cebeco grupe | Stålverket 20 96140 Boden | 6 | Läs mer
2026-09-28;08:01:34+0000;UAB BSW Engineering;Stålverket 20 96140 Boden;5;Boden;https://www.av.se/arbetsmiljoarbete-och-inspektioner/e-tjanster-och-blanketter/sok-utstationering/?id=f0e8927c-dd09-4ba4-4be2-08dd7bdd3c23&E=System.String[];1;UAB BSW Engineering | Stålverket 20 96140 Boden | 5 | Läs mer
2026-09-28;08:01:34+0000;Turun Nostopalvelu Oy;Stålverket 20 96140 Boden;1;Boden;https://www.av.se/arbetsmiljoarbete-och-inspektioner/e-tjanster-och-blanketter/sok-utstationering/?id=bf61e8f1-2de7-48ba-052c-08de8b01447d&E=System.String[];1;Turun Nostopalvelu Oy | Stålverket 20 96140 Boden | 1 | Läs mer
2026-09-28;08:01:34+0000;Turun Nostopalvelu Oy;Stålverket 20 96140 Boden;25;Boden;https://www.av.se/arbetsmiljoarbete-och-inspektioner/e-tjanster-och-blanketter/sok-utstationering/?id=6b507b8d-98e4-4eca-c586-08dcd5acc077&E=System.String[];1;Turun Nostopalvelu Oy | Stålverket 20 96140 Boden | 25 | Läs mer
2026-09-28;08:01:34+0000;TSN GROUP OÜ;Stålverket 20 96140 Boden;13;Boden;https://www.av.se/arbetsmiljoarbete-och-inspektioner/e-tjanster-och-blanketter/sok-utstationering/?id=833d2055-7ba0-4355-b9e7-08de112f3026&E=System.String[];1;TSN GROUP OÜ | Stålverket 20 96140 Boden | 13 | Läs mer
2026-09-28;08:01:34+0000;TSN GROUP OÜ;Stålverket 20 96140 Boden;24;Boden;https://www.av.se/arbetsmiljoarbete-och-inspektioner/e-tjanster-och-blanketter/sok-utstationering/?id=30dec422-8166-4811-33de-08de11ef3b7e&E=System.String[];1;TSN GROUP OÜ | Stålverket 20 96140 Boden | 24 | Läs mer
2026-09-28;08:01:34+0000;Transhouse Viitala Oy;Stålverket 20 96140 Boden;1;Boden;https://www.av.se/arbetsmiljoarbete-och-inspektioner/e-tjanster-och-blanketter/sok-utstationering/?id=03f142b3-be88-4b0d-def0-08de95f55368&E=System.String[];1;Transhouse Viitala Oy | Stålverket 20 96140 Boden | 1 | Läs mer
2026-09-28;08:01:34+0000;Tornion Harjateräs Oy;Flarkenvägen 15 Boden;5;Boden;https://www.av.se/arbetsmiljoarbete-och-inspektioner/e-tjanster-och-blanketter/sok-utstationering/?id=c79f1013-33f9-422e-e1de-08dea67520c8&E=System.String[];1;Tornion Harjateräs Oy | Flarkenvägen 15 Boden | 5 | Läs mer
2026-09-28;08:01:34+0000;Tornion Harjateräs Oy;Stålverket 20 96140 Boden;58;Boden;https://www.av.se/arbetsmiljoarbete-och-inspektioner/e-tjanster-och-blanketter/sok-utstationering/?id=2634f3b6-ee87-4b47-768a-08ded3402585&E=System.String[];1;Tornion Harjateräs Oy | Stålverket 20 96140 Boden | 58 | Läs mer
2026-09-28;08:01:34+0000;Tornion Harjateräs Oy;Flarkenvägen 15 Boden;13;Boden;https://www.av.se/arbetsmiljoarbete-och-inspektioner/e-tjanster-och-blanketter/sok-utstationering/?id=653e4db3-0ec6-43c6-7696-08ded3402585&E=System.String[];1;Tornion Harjateräs Oy | Flarkenvägen 15 Boden | 13 | Läs mer
2026-09-28;08:01:34+0000;Tornion Harjateräs Oy;Råbäcken 1 96193 Boden;14;Boden;https://www.av.se/arbetsmiljoarbete-och-inspektioner/e-tjanster-och-blanketter/sok-utstationering/?id=8de227a1-c7be-4a66-3e1e-08def373c9dd&E=System.String[];1;Tornion Harjateräs Oy | Råbäcken 1 96193 Boden | 14 | Läs mer
2026-09-28;08:01:34+0000;TM Kran AS;Stålverket 20 96140 Boden;2;Boden;https://www.av.se/arbetsmiljoarbete-och-inspektioner/e-tjanster-och-blanketter/sok-utstationering/?id=b1c68657-fb37-4408-8f87-08dca08e048d&E=System.String[];1;TM Kran AS | Stålverket 20 96140 Boden | 2 | Läs mer
2026-09-28;08:01:34+0000;thyssenkrupp nucera Italy s.r.l.;Stålverket 20 96140 Boden;3;Boden;https://www.av.se/arbetsmiljoarbete-och-inspektioner/e-tjanster-och-blanketter/sok-utstationering/?id=ca9f1cbf-fd51-47bb-d325-08dd99b4d4cf&E=System.String[];1;thyssenkrupp nucera Italy s.r.l. | Stålverket 20 96140 Boden | 3 | Läs mer
2026-09-28;08:01:34+0000;thyssenkrupp nucera AG & Co. KGaA;Stålverket 20 96140 Boden;1;Boden;https://www.av.se/arbetsmiljoarbete-och-inspektioner/e-tjanster-och-blanketter/sok-utstationering/?id=90b7064a-58cc-4204-40a2-08dd9dae5d32&E=System.String[];1;thyssenkrupp nucera AG & Co. KGaA | Stålverket 20 96140 Boden | 1 | Läs mer
2026-09-28;08:01:34+0000;thyssenkrupp nucera AG & Co. KGaA;Stålverket 20 96140 Boden;1;Boden;https://www.av.se/arbetsmiljoarbete-och-inspektioner/e-tjanster-och-blanketter/sok-utstationering/?id=0d80cd20-aee4-4864-d348-08dd99b4d4cf&E=System.String[];1;thyssenkrupp nucera AG & Co. KGaA | Stålverket 20 96140 Boden | 1 | Läs mer
2026-09-28;08:01:34+0000;Techno Services SRL;Stålverket 20 96140 Boden;1;Boden;https://www.av.se/arbetsmiljoarbete-och-inspektioner/e-tjanster-och-blanketter/sok-utstationering/?id=d60acdb3-66bd-4837-fdfc-08dd68421f52&E=System.String[];1;Techno Services SRL | Stålverket 20 96140 Boden | 1 | Läs mer
2026-09-28;08:01:34+0000;TECH ENGINEERING SERVICE PROVIDER SRL;Stålverket 20 96140 Boden;1;Boden;https://www.av.se/arbetsmiljoarbete-och-inspektioner/e-tjanster-och-blanketter/sok-utstationering/?id=a85b6afd-9906-403b-dad3-08deca9bf7a7&E=System.String[];1;TECH ENGINEERING SERVICE PROVIDER SRL | Stålverket 20 96140 Boden | 1 | Läs mer
2026-09-28;08:01:34+0000;TECH ENGINEERING SERVICE PROVIDER S.R.L.;Sturegatan 5A 96173 Boden;1;Boden;https://www.av.se/arbetsmiljoarbete-och-inspektioner/e-tjanster-och-blanketter/sok-utstationering/?id=5d69b68e-287a-45bf-1216-08debf98a1d5&E=System.String[];1;TECH ENGINEERING SERVICE PROVIDER S.R.L. | Sturegatan 5A 96173 Boden | 1 | Läs mer
2026-09-28;08:01:34+0000;team jussila oy;Stålverket 20 96140 Boden;6;Boden;https://www.av.se/arbetsmiljoarbete-och-inspektioner/e-tjanster-och-blanketter/sok-utstationering/?id=66b34f87-c588-4b29-1dfb-08dc46d18999&E=System.String[];1;team jussila oy | Stålverket 20 96140 Boden | 6 | Läs mer
2026-09-28;08:01:34+0000;Sähköpalvelu Juha Palonen oy;Stålverket 20 96140 Boden;1;Boden;https://www.av.se/arbetsmiljoarbete-och-inspektioner/e-tjanster-och-blanketter/sok-utstationering/?id=3f97d986-f838-43c8-1565-08ddb62845f9&E=System.String[];1;Sähköpalvelu Juha Palonen oy | Stålverket 20 96140 Boden | 1 | Läs mer
2026-09-28;08:01:34+0000;Sweco Polska Sp.z o.o.;Stålverket 20 96140 Boden;9;Boden;https://www.av.se/arbetsmiljoarbete-och-inspektioner/e-tjanster-och-blanketter/sok-utstationering/?id=3bf3827e-70fb-4160-fd53-08dc79536504&E=System.String[];1;Sweco Polska Sp.z o.o. | Stålverket 20 96140 Boden | 9 | Läs mer
2026-09-28;08:01:34+0000;STS SOCIETE TRAVAUX SPECIAUX ALPES;Stålverket 20 96140 Boden;6;Boden;https://www.av.se/arbetsmiljoarbete-och-inspektioner/e-tjanster-och-blanketter/sok-utstationering/?id=d25a3c06-50f4-42bd-2ebc-08de26697691&E=System.String[];1;STS SOCIETE TRAVAUX SPECIAUX ALPES | Stålverket 20 96140 Boden | 6 | Läs mer
2026-09-28;08:01:34+0000;Streams;Teknikvägen 3 96150 Boden;1;Boden;https://www.av.se/arbetsmiljoarbete-och-inspektioner/e-tjanster-och-blanketter/sok-utstationering/?id=b5f531b4-8cb6-423d-3ed2-08de763cb9a9&E=System.String[];1;Streams | Teknikvägen 3 96150 Boden | 1 | Läs mer
2026-09-28;08:01:34+0000;Specialist Technical Services;Stålverket 20 96140 Boden;1;Boden;https://www.av.se/arbetsmiljoarbete-och-inspektioner/e-tjanster-och-blanketter/sok-utstationering/?id=225e13be-acfa-4cdc-a8dd-08de177be62c&E=System.String[];1;Specialist Technical Services | Stålverket 20 96140 Boden | 1 | Läs mer
2026-09-28;08:01:34+0000;Sorox Oy;Stålverket 20 96140 Boden;4;Boden;https://www.av.se/arbetsmiljoarbete-och-inspektioner/e-tjanster-och-blanketter/sok-utstationering/?id=74444fd6-79d8-48c1-6e40-08dde45e170a&E=System.String[];1;Sorox Oy | Stålverket 20 96140 Boden | 4 | Läs mer
2026-09-28;08:01:34+0000;SMS Group GmbH;Stålverket 20 96140 Boden;26;Boden;https://www.av.se/arbetsmiljoarbete-och-inspektioner/e-tjanster-och-blanketter/sok-utstationering/?id=4c91875e-a0a0-4ea2-f8b3-08dd0d0e1d83&E=System.String[];1;SMS Group GmbH | Stålverket 20 96140 Boden | 26 | Läs mer
2026-09-28;08:01:34+0000;SMS group GmbH;Stålverket 20 96140 Boden;1;Boden;https://www.av.se/arbetsmiljoarbete-och-inspektioner/e-tjanster-och-blanketter/sok-utstationering/?id=44e8114b-f080-435f-3699-08de8a2e6bd7&E=System.String[];1;SMS group GmbH | Stålverket 20 96140 Boden | 1 | Läs mer
